product_id,category,name,description,list_price
0LLE6,"Grains & Pasta & Sides",Rana Fettuccine - 9 Oz,Fettuccine,2.99
TMD3L,Breakfast & Cereal,Nature Valley Granola Bars Sweet & Salty Nut Peanut - 6-1.2 Oz,Granola Bars,3.99
5Z6NV,Pet Care,Friskies Cat Food Classic Pate Variety Pack Box - 24-5.5 Oz,Cat Food - Moist,19.99
X8YHB,Fruits & Vegetables,Cilantro,Herbs,0.99
9P8N6,Bread & Bakery,Kings Hawaiian Original Sweet Rolls - 12 Oz.,Sandwich Rolls,3.99
GMAN7,"Paper & Cleaning & Home",Tide Plus Laundry Detergent Liquid H& E Turbo Clean Downy April Fresh - 92 Fl. Oz.,Laundry Detergent,13.99
LBLB7,"Cookies & Snacks & Candy",Ruffles Potato Chips Original Party Size - 13.5 Oz,Potato Chips & Crisps,5.29
C8SH9,Fruits & Vegetables,Cucumbers,Cucumbers,0.99
Z0VW4,Bread & Bakery,Sara Lee Bread Whole Grain White - 20 Oz,Sandwich Bread,4.19
LG8EX,Beverages,Simply Lemonade Juice All Natural - 2.63 Liter,Lemonade & Limeade,4.99
C0PRG,Beverages,LaCroix Sparkling Water Lime Cans - 12-12 Fl. Oz.,Sparkling & Seltzer,5.99
Z0C33,Frozen Foods,STOUFFERS Simple Dishes Meal Macaroni & Cheese - 12 Oz,Frozen Meals,3.33
43CM8,"Paper & Cleaning & Home",Windex Original Glass Cleaner Trigger 23 fl oz,Glass Cleaners,4.99
9XE9C,Baby Care,O Organics Organic Baby Food Stage 2 Apple Sweet Potato & Carrot - 4 Oz,2nd Foods,1.49
FC3F3,"Dairy & Eggs & Cheese",Lucerne Butter Salted Sweet Cream 4 Quarters - 16 Oz,Butter,4.99
G1KVR,Personal Care & Health,Neutrogena Makeup Remover Cleansing Towelettes Refill Pack Pre Moistened - 25 Count,Facial Cleansers,0.99
ZQLZO,Baby Care,Huggies Baby Wipes Natural Care Fragrance Free Refill - 56 Count,Wipes & Diaper Refills,3.49
3WOYL,Bread & Bakery,Ball Park Burger Buns Classic White 8 Count - 14 Oz,Hamburger Buns,4.19
YNJAA,Canned Goods & Soups,Campbells Chunky Healthy Request Soup Chicken Noodle - 18.6 Oz,Canned Soups,3.49
705ZD,Canned Goods & Soups,Progresso Traditional Soup Chicken & Wild Rice - 19 Oz,Canned Soups,3.29
WURYH,Meat & Seafood,USDA Choice Beef Boneless Chuck Roast - 3 Lbs.,Beef Whole Cuts & Roasts,17.97
OBTGP,Deli,Primo Taglio Seasoned Cracked Pepper Turkey Breast - 0.50 Lb.,Turkey,4.5
LFLVR,"Grains & Pasta & Sides",Barilla Ready Pasta Penne Pouch - 8.5 Oz,Pasta Sides,2.49
W1AXT,"Dairy & Eggs & Cheese",Egglands Best Eggs Large Grade A - 18 Count,Eggs,7.49
YHD9M,"Grains & Pasta & Sides",Annies Homegrown Macaroni & Cheese Classic Mild Cheddar Box - 6 Oz,Macaroni & Cheese Boxed,2.79
6ECVS,"Dairy & Eggs & Cheese",Horizon Organic Milk Reduced Fat 2% - Half Gallon,Milk,5.99
JEBDN,Pet Care,Fancy Feast Cat Food Gourmet Classic Seafood Feast Variety 3 Flavors 8 Each Box - 24-3 Oz,Cat Food - Moist,19.99
4YKYZ,Baby Care,O Organics Organic Baby Food Stage 2 Apple Butternut Squash & Spinach With Quinoa - 3.5 Oz,2nd Foods,1.49
1L985,Baby Care,Plum Organics Baby Food Stage 2 Spinach Peas & Pear - 4.22 Oz,2nd Foods,1.99
VZPM4,Pet Care,Rachael Ray Nutrish Food for Dogs Real Chicken & Veggies Recipe Bag - 14 Lb,Dog Food - Dry,21.39
ES2L3,Pet Care,ARM & HAMMER Cat Litter Clumping Advanced Odor Control Double Duty - 20 Lb,Litter & Deodorant,11.49
6WLH2,Bread & Bakery,Sara Lee Bagels Deluxe Pre-Sliced Plain - 6-22 Oz,Bagels,4.99
LW1CZ,Fruits & Vegetables,Green Asparagus,Asparagus,4.99
94NLG,"Paper & Cleaning & Home",Downy Ultra Fabric Conditioner Liquid April Fresh - 51 Fl. Oz.,Fabric Softener,6.99
EB2EI,Bread & Bakery,San Luis Sourdough Bread Round - 24 Oz,Sandwich Bread,4.69
PZU51,Deli,Mini Babybel Original Snack Cheese - 10 Count - 7.5 oz,Snacking Cheese,6.99
B28ZZ,Fruits & Vegetables,Organic Strawberries Prepackaged - 1 Lb,Berries,5.99
OCT4N,Breakfast & Cereal,Mini Wheats Cereal Frosted Original Value Size - 24 Oz,Cereal,5.99
OV4WH,"Condiments & Spice & Bake",SKIPPY Peanut Butter Spread Creamy Reduced Fat - 16.3 Oz,Peanut Butter & Spreads,3.69
ALIX6,Personal Care & Health,Colgate Total Clean Mint Toothpaste - 4.8 Oz,Toothpaste,0.99
G90RK,Deli,Athenos Crumbled Feta Cheese Traditional - 6 Oz.,Feta Cheese,4.99
05V84,Beverages,LaCroix Sparkling Water Grapefruit Cans - 12-12 Fl. Oz.,Sparkling & Seltzer,5.99
ZDQMY,Meat & Seafood,Open Nature 100% Natural Grass Fed Angus Ground Beef 85% Lean 15% Fat - 16 Oz.,Ground Beef,6.99
D3GAP,Canned Goods & Soups,Campbells Soup Condensed Chicken Noodle Homestyle - 10.5 Oz,Condensed Soups,1.99
S1KS2,Canned Goods & Soups,Dole Pineapple Slices in 100% Pineapple Juice - 20 Oz,Pineapple,2.79
GMGO5,Canned Goods & Soups,Green Giant Corn Whole Kernel Sweet - 15.25 Oz,Corn & Baby Corn,1.59
WU6SK,"Dairy & Eggs & Cheese",Land O Lakes Butter Sweet Cream Salted Half Sticks 8 Count - 1 Lb,Butter,6.99
RG83O,Deli,Primo Taglio Grated Parmesan - 5 Oz.,Parmesan & Asiago Cheese,4.99
C7E2U,Bread & Bakery,Oroweat Bread Whole Grains Oatnut - 24 Oz,Sandwich Bread,4.99
84G67,Baby Care,Pampers Swaddlers Diapers Size 1 Newborn - 96 Count,Diapers - Size 1,26.99
L9TI9,"Cookies & Snacks & Candy",Triscuit Crackers Original Family Size - 12.5 Oz,Wheat Crackers,4.99
8DE6Y,"Condiments & Spice & Bake",Hidden Valley The Original Ranch Dressing - 16 Fl. Oz.,Bottled Dressings,4.99
I06B8,Baby Care,Pedialyte AdvancedCare Electrolyte Solution Ready To Drink Cherry Punch - 33.8 Fl. Oz.,Electrolyte Solution,7.99
TR3Y2,"Cookies & Snacks & Candy",OREO Double Stuff Cookies Sandwich Chocolate - 15.35 Oz,Sandwich Cookies,3.99
W4SRU,Baby Care,Ziploc Storage Bags Quart 48 ct,Plastic Bags,0.99
RIDJT,Deli,Columbus Italian Dry Salame - 12 Oz.,Salami & Sausage,9.99
L8BID,Beverages,Signature SELECT Drinking Water - 24-16.9 Fl. Oz.,Still Water,3.99
V3SOM,"Paper & Cleaning & Home",Ziploc Storage Bags Gallon 19 ct,Plastic Bags,4.59
J9Q60,Baby Care,Nursery Purified Water Without Flouride - 1 Gallon,Electrolyte Solution,1.49
BLOCR,Fruits & Vegetables,Green Onions - Bunch,Onions & Garlic,0.99
PCJUY,Breakfast & Cereal,Quaker Simply Granola Oats Honey & Almonds - 28 Oz,Granola & Muesli,7.29
WHN3J,"Paper & Cleaning & Home",Swiffer Dusters Dusting Kit Heavy Duty Extendable Handle 1 Handle 3 Dusters - Each,Sweepers & Supplies,11.99
BK2QT,"Paper & Cleaning & Home",Tide Plus Detergent Liquid Febreze Freshness Botanical Rain HE Turbo Clean - 92 Fl. Oz.,Laundry Detergent,13.99
K4J06,Meat & Seafood,Boneless Skinless Hand Trimmed Chicken Breast - 2.00 Lbs.,Chicken,4.49
MUFUS,Bread & Bakery,Daves Killer Bread Organic White Bread Done Right - 24 Oz,Sandwich Bread,6.49
7FVM5,Bread & Bakery,Signature SELECT Bread 100% Whole Wheat - 24 Oz,Sandwich Bread,3.29
JZVRK,Frozen Foods,White Castle Microwaveable Cheeseburgers - 6 Count,Pockets & Sandwiches,6.29
5UAAH,Pet Care,ARM & HAMMER Super Scoop Cat Litter Clumping Fragrance Free - 20 Lb,Litter & Deodorant,11.49
M3QZZ,Baby Care,PediaSure Grow & Gain Kids Nutritional Shake Ready To Drink Chocolate - 6-8 Fl. Oz.,Nutritional Supplements,12.99
3F223,"Grains & Pasta & Sides",Barilla Ready Pasta Elbows Pouch - 8.5 Oz,Macaroni & Ditalini,2.49
UQ24K,"Cookies & Snacks & Candy",Kettle Potato Chips Sea Salt & Vinegar - 8.5 Oz,Potato Chips & Crisps,3.99
7NVUS,Frozen Foods,Ore-Ida Potatoes Shredded Tater Tots Seasoned Gluten Free - 32 Oz,Frozen Potatoes & Onions,4.99
XWXG8,Fruits & Vegetables,Yellow Onions,Onions & Garlic,0.99
3L8JQ,Personal Care & Health,Neutrogena Makeup Remover Cleansing Towelettes Refill Pack - 2-25 Count,Facial Cleansers,14.99
7SBHG,Canned Goods & Soups,Signature SELECT Tomato Sauce - 15 Oz,Tomato Sauce & Puree,0.99
B80N7,Canned Goods & Soups,Campbells Chunky Soup Chowder Clam New England - 18.8 Oz,Canned Soups,3.49
OINLG,Beverages,Ocean Spray Juice Cocktail Cranberry - 64 Fl. Oz.,Cranberry Juice,3.99
5DIKX,Fruits & Vegetables,Blackberries Prepacked Fresh - 6 Oz,Berries,3.99
R0PBG,Frozen Foods,Ben & Jerrys Ice Cream Chocolate Fudge Brownie - 1 Pint,Ice Cream,5.79
3B6O6,"Grains & Pasta & Sides",Hunts Pasta Sauce Traditional Can - 24 Oz,Marinara Pasta Sauce,2.09
DTOPP,Pet Care,Cesar Canine Cuisine Filets in Sauce Filet Mignon New York Strip Flavor Tub - 12-3.5 Oz,Dog Food - Moist,16.19
8B68O,"Cookies & Snacks & Candy",Motts Applesauce Apple Unsweetened Cups - 6-3.9 Oz,Applesauce,3.69
CLDLH,Bread & Bakery,Wonder Bread Classic White Round Top - 20 Oz,Sandwich Bread,3.19
CFEXY,Fruits & Vegetables,Russet Potatoes Prepackaged - 10 Lb,Potatoes & Yams,3.99
LNLBU,Pet Care,Friskies Cat Food Seafood Variety Pack Box - 32-5.5 Oz,Cat Food - Moist,23.49
INC58,Baby Care,O Organics Organic Baby Food Stage 2 Banana Blueberry & Beet - 4 Oz,2nd Foods,1.49
CS73N,Canned Goods & Soups,Campbells Soup Condensed Cream Of Chicken - 10.5 Oz,Condensed Soups,1.69
OTT7P,"Condiments & Spice & Bake",C&H Sugar Cane Pure Golden Brown - 2 Lb,Sugar,3.59
K4FZ5,Frozen Foods,Red Baron Pizza French Bread Singles Pepperoni 2 Count - 10.8 Oz,Frozen Pizza,4.49
GW6ZI,"Dairy & Eggs & Cheese",Pete & Gerrys Organic Eggs Free Range Large - 12 Count,Eggs,6.49
J59H0,Fruits & Vegetables,O Organics Organic Baby Spinach - 16 Oz,Packaged Salads,5.0
BQJ2N,"Dairy & Eggs & Cheese",Fage Total 0% Yogurt Greek Nonfat Strained - 35.3 Oz,Greek Yogurt,7.49
WHJNN,"Cookies & Snacks & Candy",Honey Maid Grahams Honey - 14.4 Oz,Graham Crackers,4.99
VKIMP,Breakfast & Cereal,Lucky Charms Cereal Frosted Toasted Oat With Marshmallows Magical Unicorn Box - 10.5 Oz,Cereal,4.99
KLBI5,"Paper & Cleaning & Home",Hefty Trash Bag Tall Drawstring Ultra Strong Citrus Twist - 40 Count,Trash Bags,10.49
O64TP,"Cookies & Snacks & Candy",Oreo Chocolate Sandwich Cookies Family Size - 19.1 Oz,Variety & Multipacks,5.49
3R28Q,Meat & Seafood,USDA Choice Beef Filet Mignon Steak Tenderloin - 1 Lb.,Beef Steaks,19.99
HVVHI,Pet Care,PEDIGREE Complete Nutrition Dog Food Dry For Adult Grilled Steak & Vegetable - 20.4 Lb,Dog Food - Dry,16.99
I6NQP,Deli,Primo Taglio Hardwood Smoked Black Forest Ham - 0.50 Lb.,Ham,4.5
8Z8TG,"Grains & Pasta & Sides",Barilla Ready Pasta Penne Pouch - 8.5 Oz,Pasta Sides,2.49
63ACJ,Breakfast & Cereal,Kelloggs Frosted Flakes - 24 Oz,Cereal,6.69
ZKYBU,Baby Care,Pedialyte Electrolyte Solution Ready To Drink Grape - 33.8 Fl. Oz.,Electrolyte Solution,7.99
GSL5E,Deli,Primo Taglo Hickory Smoked Ham Off the Bone - 0.50 Lb.,Ham,4.5
MQDMU,"Paper & Cleaning & Home",Reynolds Aluminum Foil Heavy Duty 50 Sq. Ft. - Each,Foil,4.99
JH08L,"Condiments & Spice & Bake",MORTON Salt Iodized - 26 Oz,Salt,1.59
U9UKN,"Condiments & Spice & Bake",Heinz Ketchup Tomato - 38 Oz,Ketchup,4.59
7GQ6D,Personal Care & Health,Centrum Silver Multivitamin/Multimineral Tablets Men 50+ - 100 Count,Multi Vitamins,13.99
PNZ41,Frozen Foods,Ben & Jerrys Ice Cream Chocolate Chip Cookie Dough - 1 Pint,Ice Cream,5.79
OP2W7,"Paper & Cleaning & Home",Tide Plus Laundry Detergent Liquid Coldwater Clean Original Jug - 92 Fl. Oz.,Laundry Detergent,13.99
N7KF3,"Condiments & Spice & Bake",SKIPPY PB Bites Pretzel Center with Peanut Butter Coating - 5 Oz,Peanut Butter & Spreads,4.29
U416B,"Condiments & Spice & Bake",SKIPPY Natural Peanut Butter Spread Creamy 1/3 Less Sodium and Sugar - 15 Oz,Peanut Butter & Spreads,3.69
PJZPV,Personal Care & Health,Ensure Nutrition Shake Original Vanilla - 6-8 Fl. Oz.,Active Health Management,9.99
A8HUO,Fruits & Vegetables,Ziploc Storage Bags Quart 48 ct,Plastic Bags,0.99
3E00S,Bread & Bakery,Ball Park Hot Dog Buns White Pre Sliced 8 Count - 13 Oz,Hot Dog Buns,4.19
SHF0A,"Cookies & Snacks & Candy",PREMIUM Crackers Saltine Original - 1 Lb,Saltines,3.69
V4DH9,Personal Care & Health,Irish Spring Deodorant Soap Bars Original - 8-3.75 Oz,Bar Soap,7.99
BSI1V,"Grains & Pasta & Sides",Stove Top Stuffing Mix for Chicken - 6 Oz,Stuffing Mix,3.29
B7B06,"Condiments & Spice & Bake",Best Foods Mayonnaise Real Gluten Free Kosher - 30 Oz,Mayonnaise,5.99
Q7BWL,"Condiments & Spice & Bake",Clabber Girl Baking Powder - 8.1 Oz,Baking Soda & Powder,2.99
H1ZUB,Deli,Sabra Roasted Pine Nut Hummus - 10 Oz.,Deli Style Hummus,4.99
5RD7J,Breakfast & Cereal,Signature SELECT/Kitchens Hash Brown Patties Lightly Seasoned Shredded 10 Count - 22.5 Oz,Hash Browns,3.29
UDRJG,Meat & Seafood,Foster Farms Fresh & Natural Whole Chicken - 3.5 Lbs.,Chicken,6.97
XY91U,"Condiments & Spice & Bake",Nutella Spread Hazelnut with Cocoa - 13 Oz,Peanut Butter & Spreads,4.99
MT3F7,Baby Care,O Organics Organic Baby Food Stage 2 Apple Peach & Prune - 4 Oz,2nd Foods,1.49
G4Y5X,"Dairy & Eggs & Cheese",Horizon Organic Milk Lactose Free Reduced Fat 2% - Half Gallon,Milk - Lactose Free,6.99
V3YP8,Canned Goods & Soups,StarKist Tuna Albacore Solid White in Water - 5 Oz,Tuna,2.69
KYDJN,Bread & Bakery,Fresh Baked La Brea Take & Bake French Baguette 2 Count - 12 Oz,Baguettes & French Bread,3.99
S5F2I,Bread & Bakery,Alfaros Bread Artesano Style - 20 Oz,Sandwich Bread,4.29
ZZLFP,"Paper & Cleaning & Home",Duracell CopperTop AAA Alkaline Batteries - 8 count,Batteries,11.49
NJTOJ,"Paper & Cleaning & Home",Signature SELECT/Home Bags Sandwich Click & Lock Double Zipper - 90 Count,Plastic Bags,3.99
2CVCH,Deli,Deli Counter Chicken Salad - 1 Lb.,Deli Salads,6.99
UG761,Personal Care & Health,Larabar Food Bar Apple Pie - 5-1.6 Oz,Lifestyle Nutrition,6.99
5920Z,Bread & Bakery,Natures Own Bread Honey - 20 Oz,Sandwich Bread,3.99
8FA5U,"Grains & Pasta & Sides",Mutti Tomato Puree - 24.5 Oz,Tomato Sauce & Puree,0.99
ZZSFC,Deli,Boursin Garlic & Fine Herbs Gournay Cheese - 5.2 Oz.,Spreadable Cheese,5.99
2GHCW,Meat & Seafood,Ground Beef 80% Lean 20% Fat - 1.25 Lbs.,Ground Beef,4.99
86JQ7,Pet Care,Fancy Feast Cat Food Gourmet Classic Tender Beef Feast Can - 3 Oz,Cat Food - Moist,0.99
LVEN0,Canned Goods & Soups,Progresso Traditional Soup Chicken Noodle - 19 Oz,Canned Soups,3.29
KNQNE,"Dairy & Eggs & Cheese",INTERNATIONAL Delight Coffee Creamer Gourmet French Vanilla - 32 Fl. Oz.,Coffee Creamer,4.99
4VJIT,Frozen Foods,White Castle Microwaveable Hamburgers - 6 Count,Pockets & Sandwiches,6.29
NVXBC,"Grains & Pasta & Sides",Signature SELECT Rice Enriched Long Grain - 32 Oz,White Rice,1.99
H3N71,"Dairy & Eggs & Cheese",Daisy Sour Cream Pure & Natural - 16 Oz,Sour Cream,2.99
79WN4,Meat & Seafood,Tyson Grilled & Ready Fully Cooked Grilled Chicken Breast Strips - 22 Oz,Chicken & Turkey,8.99
6HPUX,"Dairy & Eggs & Cheese",Lucerne Farms Eggs Large Grade AA Family Pack - 18 Count,Eggs,6.99
512X2,Canned Goods & Soups,SPAM Classic - 12 Oz,Luncheon Meat,4.29
DHNW3,Personal Care & Health,Depend Underwear For Women Maximum Absorbency Extra Large - 15 Count,Adult Care,16.99
R8M1V,Deli,Signature Cafe Traditional Whole Rotisserie Chicken Hot - Each,Deli Side Dishes & Meals,7.99
QTY42,Fruits & Vegetables,Ziploc Storage Bags Gallon 38 ct,Plastic Bags,0.99
MX5D9,Breakfast & Cereal,Kelloggs Corn Flakes Cereal - 18 Oz,Cereal,5.99
W1HC2,"Dairy & Eggs & Cheese",Egglands Best Eggs Large - 12 Count,Eggs,4.99
75STJ,"Grains & Pasta & Sides",Botan Rice Calrose - 10 Lb,Calrose Rice,11.99
TBV62,Meat & Seafood,Jimmy Dean Fully Cooked Original Pork Sausage Links 12 Count - 9.6 Oz,Breakfast Sausage,5.99
8NDN8,Meat & Seafood,Tyson Anytizers Buffalo Boneless Chicken Bites - 24 Oz,Chicken & Turkey,0.99
035MH,"Grains & Pasta & Sides",Annies Homegrown Macaroni & Cheese Shells & White Cheddar Box - 6 Oz,Macaroni & Cheese Boxed,2.79
7BWW9,Beverages,Monster Energy Drink Original - 10-16 Fl. Oz.,Energy Drinks & Shots,18.99
YIGNT,Meat & Seafood,Ground Beef 80% Lean 20% Fat Value Pack - 3.50 Lbs.,Ground Beef,3.99
8HUQ4,"Grains & Pasta & Sides",RAGU Old World Style Pasta Sauce Traditional Jar - 24 Oz,Marinara Pasta Sauce,2.99
3K7ZD,"Condiments & Spice & Bake",Jif Peanut Butter Creamy - 28 Oz,Peanut Butter & Spreads,5.99
DVJHC,"Dairy & Eggs & Cheese",Horizon Organic Half & Half - 32 Fl. Oz.,Half & Half,6.99
H9ZS8,Fruits & Vegetables,Avocados Hass Large,Avocados,2.0
58OU3,Frozen Foods,Banquet Brown N Serve Sausage Links Fully Cooked Original 10 Count - 6.4 Oz,Breakfast Sausage,2.39
KQ2IA,Pet Care,Signature Pet Care Cat Litter Lightweight Clumping Unscented Multiple Cat - 10 Lb,Litter & Deodorant,7.99
GXQ8Q,Baby Care,O Organics Organic Baby Food Stage 2 Pear Mango & Spinach - 4 Oz,2nd Foods,1.49
OF4I9,"Paper & Cleaning & Home",Ziploc Storage Bags Quart 48 ct,Plastic Bags,5.99
1ZKKL,"Paper & Cleaning & Home",Tide Plus Laundry Detergent Liquid HE Turbo Clean Downy April Fresh - 92 Fl. Oz.,Laundry Detergent,13.99
FDVH8,"Condiments & Spice & Bake",Hidden Valley The Original Ranch Topping & Dressing Squeeze Bottle - 20 Fl. Oz.,Bottled Dressings,5.79
OE915,"Paper & Cleaning & Home",Tide Plus PODS Detergent Pacs 4In1 With Downy April Fresh - 15 Count,Laundry Detergent,7.99
BNGIK,Bread & Bakery,Oroweat Bread Whole Grains 100% Whole Wheat - 24 Oz,Sandwich Bread,4.99
W5ZXA,Frozen Foods,Red Baron Pizza Classic Crust Four Cheese - 21.06 Oz,Frozen Pizza Multi-Serve,5.99
ED2FO,Baby Care,Plum Organics Baby Food Stage 2 Broccoli & Apple - 4.22 Oz,2nd Foods,1.99
SOKGZ,Breakfast & Cereal,Eggo Waffles Buttermilk 10 Count - 12.3 Oz,Waffles,3.33
XQUM7,"Grains & Pasta & Sides",BERTOLLI Rustic Cut Pasta Sauce with Hearty Vegetables Spicy Marinara Jar - 23 Oz,Vegetable Pasta Sauce,4.99
P47CN,"Cookies & Snacks & Candy",Fritos Corn Chips The Original - 9.25 Oz,Corn Chips,3.99
JAPPU,"Cookies & Snacks & Candy",Honey Maid Grahams Honey Family Size - 25.6 Oz,Graham Crackers,5.99
C2X37,Frozen Foods,Marie Callenders Entree Fettuccini With Chicken & Broccoli - 13 Oz,Frozen Meals,4.49
LEXZS,"Dairy & Eggs & Cheese",Egglands Best Eggs Cage Free Large Brown - 12 Count,Eggs,5.29
HW481,Meat & Seafood,USDA Choice Beef Top Loin New York Strip Steak Bone In Value Pack - 3.5 Lbs. (approx. weight),Beef Steaks,34.97
5LJYY,Baby Care,O Organics Organic Baby Food Stage 2 Pears Peas & Broccoli - 4 Oz,2nd Foods,1.49
W4HR9,Personal Care & Health,Dial Deodorant Soap Bars White - 8-4 Oz,Bar Soap,7.99
581IO,Fruits & Vegetables,Mandarins Clementines Tangerines Prepackaged - 3 Lb,Citrus,5.99
58PB2,"Grains & Pasta & Sides",Barilla Pasta Sauce Pesto Traditional Basil Jar - 6 Oz,Pesto,3.69
TUSKH,Deli,Primo Taglio Ham Off the Bone - 16 Oz.,Ham,7.99
EEHTM,Bread & Bakery,Signature SELECT Bread Sourdough - 24 Oz,Sandwich Bread,3.29
O5OUG,Deli,Primo Taglio Mesquite Smoked Turkey Breast - 0.50 Lb.,Turkey,4.5
TTMTO,Fruits & Vegetables,Fresh Gourmet Cranberries & Glazed Walnuts - 3.5 Oz,Croutons & Toppings,3.99
ZUHO3,"Cookies & Snacks & Candy",Nilla Wafers - 8-11 Oz,Cookies,4.99
XBNP5,"Condiments & Spice & Bake",SKIPPY Peanut Butter Spread Creamy Reduced Fat - 16.3 Oz,Peanut Butter & Spreads,3.69
Y2HKP,Fruits & Vegetables,Green Bell Peppers,Peppers,0.99
CHIV4,Fruits & Vegetables,Russet Potatoes,Potatoes & Yams,0.99
4P6ZD,Meat & Seafood,Jimmy Dean Fully Cooked Turkey Sausage Links 12 Count - 9.6 Oz,Breakfast Sausage,5.99
B8AAL,Deli,Primo Taglio Over Roasted Chicken Breast - 16 Oz.,Chicken,7.99
ZML2R,Frozen Foods,Ben & Jerrys Ice Cream Cherry Garcia - 1 Pint,Ice Cream,5.79
3BPK2,"Paper & Cleaning & Home",Ziploc Freezer Bag Quart 38 ct,Plastic Bags,5.99
GXYWF,Pet Care,Freshpet Select Dog Food Fresh From The Kitchen Home Cooked Chicken Recipe Pouch - 1.75 Lb,Dog Food - Moist,8.89
2HA90,"Paper & Cleaning & Home",Downy Ultra Fabric Softener Liquid April Fresh - 103 Fl. Oz.,Fabric Softener,13.79
RDXAE,Meat & Seafood,Oscar Mayer Center Cut Bacon Original - 12 Oz.,Bacon,8.99
9DA7J,Baby Care,Pampers Complete Clean Baby Wipes Baby Fresh Scent 7 Pack - 504 Count,Wipes & Diaper Refills,17.99
KGIKP,"Condiments & Spice & Bake",Bobs Red Mill Flour Bread Artisan - 5 Lb,Flour,5.59
ALCBL,Breakfast & Cereal,Jimmy Dean Sausage Egg & Cheese Croissant Sandwiches 8 Count,Breakfast Sandwiches,10.99
3AFAV,"Paper & Cleaning & Home",Ziploc Storage Bags Gallon 38 ct,Plastic Bags,5.99
74HC1,Meat & Seafood,Tyson Fully Cooked Breaded Chicken Nuggets - 32 Oz,Chicken & Turkey,7.99
Y56S6,Baby Care,Pedialyte Electrolyte Solution Ready To Drink Strawberry - 33.8 Fl. Oz.,Electrolyte Solution,7.99
CXMA9,Canned Goods & Soups,Campbells Soup Condensed Chicken Noodle - 10.75 Oz,Condensed Soups,1.49
TAWAM,Beverages,DASANI Purified Water - 24-16.9 Fl. Oz.,Still Water,5.99
93NRR,Breakfast & Cereal,Quaker Oatmeal Instant Flavor Variety - 10-1.51 Oz,Oatmeal & Hot Cereal,
Y1UJJ,Personal Care & Health,Ricola Throat Drops Herb Lemon Mint Sugar Free - 19 Count,Cough & Throat Relief,2.99
CNPR0,Bread & Bakery,Entenmanns Minis Pound Cake 6 Count - 9.25 Oz,Bakery Snacks,4.99
JTO6X,Meat & Seafood,SeaPak Shrimp Butterfly Jumbo - 9 Oz,Seafood,8.99
ZQX4M,Bread & Bakery,Thomas Bagels Cinnamon Raisin Pre Sliced 6 Count - 20 Oz,Bagels,4.99
8YAY3,"Dairy & Eggs & Cheese",Lucerne Farms Eggs Large - 12 Count,Eggs,
N77B9,Fruits & Vegetables,Ziploc Storage Bags Gallon 19 ct,Plastic Bags,0.99
EEOQA,Canned Goods & Soups,Dole Pineapple Chunks in 100% Pineapple Juice - 20 Oz,Pineapple,2.79
LODFL,"Paper & Cleaning & Home",Ziploc Freezer Bags Gallon 28 ct,Plastic Bags,5.99
FA3EA,"Grains & Pasta & Sides",Rana Fettuccine - 9 Oz,Fettuccine,2.99
SSJWN,Beverages,Pepsi Diet Soda - 12-12 Fl. Oz.,Cola,6.99
73MZ9,Baby Care,O Organics Organic Baby Food Stage 2 Butternut Squash & Apple - 4 Oz,2nd Foods,1.49
6YHZC,Deli,Ziploc Storage Bags Gallon 19 ct,Plastic Bags,0.99
46HCV,Canned Goods & Soups,Swanson Broth Chicken - 32 Oz,Broth & Stocks,3.79
YDFT3,Breakfast & Cereal,Cheerios Cereal Toasted Whole Grain Oat - 18 Oz,Cereal,5.79
5YV6H,Beverages,Coffeemate Coffee Creamer Original - 35.3 Oz,Coffee Creamers,
W2KMW,Beverages,Red Bull Energy Drink Sugar Free - 12-8.4 Fl. Oz.,Energy Drinks & Shots,22.99
VMJYN,Deli,Sabra Classic Hummus - 10 Oz.,Deli Style Hummus,4.99
KNJZ6,"Condiments & Spice & Bake",SKIPPY Peanut Butter Spread Super Chunk Extra Crunchy - 16.3 Oz,Peanut Butter & Spreads,3.69
M3XI5,Frozen Foods,Lean Cuisine Comfort Entree Roasted Turkey Breast - 9.75 Oz,Frozen Meals Wellness,3.99
PZKL4,Frozen Foods,STOUFFERS Classics Meal Meatloaf - 9.875 Oz,Frozen Meals,3.99
9V8FF,Breakfast & Cereal,Nature Valley Granola Bars Crunchy Oats n Honey - 6-1.49 Oz,Granola Bars,3.99
EVXJD,Bread & Bakery,Signature SELECT Bread Nut & Grain - 24 Oz,Sandwich Bread,3.29
2MXVD,"Cookies & Snacks & Candy",Chips Ahoy! Cookies Chocolate Chip Original - 13 Oz,Cookies,3.99
CYF1L,Personal Care & Health,CLIF Energy Bar Crunchy Peanut Butter - 6-2.4 Oz,Sport Nutrition & Energy,6.99
LEEVP,Bread & Bakery,Thomas Bagels Plain Pre Sliced 6 Count - 20 Oz,Bagels,4.99
L4H3G,"Cookies & Snacks & Candy",ROLD GOLD Pretzels Sticks Original - 16 Oz,Pretzels,3.29
SSYOY,"Dairy & Eggs & Cheese",O Organics Organic Milk - 1 Gallon,Milk,7.99
M54RL,"Grains & Pasta & Sides",Stove Top Stuffing Mix Savory Herbs - 6 Oz,Stuffing Mix,3.29
DBNI8,Bread & Bakery,Thomas Nooks & Crannies English Muffins Original Plain 6 Count - 13 Oz,English Muffins,4.49
U0BKO,"Dairy & Eggs & Cheese",Lucerne Unsalted Sweet Cream Butter Quarters - 16 Oz,Butter,4.99
K0QEE,"Grains & Pasta & Sides",Signature SELECT Rice Enriched Long Grain - 5 Lb,White Rice,4.39
V059U,"Dairy & Eggs & Cheese",Lucerne Milk Whole 1 Gallon - 128 Fl. Oz.,Milk,4.49
Y6YC8,Beverages,Red Bull Energy Drink Sugar Free - 12-8.4 Fl. Oz.,Energy Drinks & Shots,22.99
5KX5O,Bread & Bakery,Thomas Bagels Everything Pre Sliced 6 Count - 20 Oz,Bagels,4.99
8VPBX,Beverages,Red Bull Energy Drink - 12-8.4 Fl. Oz.,Energy Drinks & Shots,22.99
7S3OW,Frozen Foods,White Castle Microwaveable Cheeseburgers - 8 Count,Pockets & Sandwiches,13.49
IN3KL,Canned Goods & Soups,StarKist Tuna Chunk Light in Water - 5 Oz,Tuna,1.79
L3D8C,Beverages,"Coke Zero Sugar Diet Soda Soft Drink & 12 fl oz & 12 Pack",Cola,6.99
1O9DX,"Cookies & Snacks & Candy",Wheat Thins Snacks Original Family Size! - 16 Oz,Wheat Crackers,4.99
JO6NT,"Condiments & Spice & Bake",O Organics Organic Honey - 16 Oz,Honey & Agave Nectar,7.49
M14FR,Deli,Wholly Guacamole Classic Minis - 4 Count,Deli Style Guacamole,5.99
WLXV4,Baby Care,Plum Organics Baby Food Stage 2 Pumpkin & Banana - 4.22 Oz,2nd Foods,1.99
56LQ1,Canned Goods & Soups,Signature SELECT Pear Slices Bartlett in 100% Pear Juice - 15 Oz,Pears,1.99
3WJU2,"Condiments & Spice & Bake",SKIPPY Natural Peanut Butter Spread Super Chunk Extra Crunchy - 15 Oz,Peanut Butter & Spreads,3.69
4KRU8,"Paper & Cleaning & Home",Ziploc Storage Bags Gallon 19 ct,Plastic Bags,4.59
SUY4D,"Cookies & Snacks & Candy",Lays Potato Chips Classic - 8 Oz,Potato Chips & Crisps,3.79
9S30I,Baby Care,Pampers Baby Dry Diapers Super Pack Size 5 - 78 Count,Diapers - Size 5,26.99
0U8WK,"Condiments & Spice & Bake",SKIPPY Natural Peanut Butter Spread Creamy - 40 Oz,Peanut Butter & Spreads,7.99
SLEL5,Meat & Seafood,Hormel Black Label Bacon Original - 16 Oz,Bacon,8.99
RFBU9,Meat & Seafood,Hormel Pepperoni Turkey - 5 Oz,Salami & Pepperoni,4.99
17PRY,Deli,Sargento Cheese Slices Deli Style Provolone 12 Count - 8 Oz,Sandwich Cheese,5.99
7NZ9Q,Canned Goods & Soups,Progresso Rich & Hearty Soup Chicken & Homestyle Noodles - 19 Oz,Canned Soups,3.29
S1OKU,"Paper & Cleaning & Home",Signature SELECT Spoons Plastic Everyday Heavy Duty Box - 48 Count,Cutlery,1.99
XLH3C,Pet Care,Meow Mix Cat Food Dry Original Choice - 3.15 Lb,Cat Food - Dry,6.29
WGTLD,Bread & Bakery,Fresh Baked La Brea Take & Bake French Baguette 2 Count - 12 Oz,Baguettes & French Bread,3.99
UF431,Bread & Bakery,Daves Killer Bread Organic Light Whole Grain - 20.5 Oz,Sandwich Bread,5.89
RFGWT,Personal Care & Health,Ivory Bar Soap Pure Clean & Simple Original - 10 - 4 Oz.,Bar Soap,8.99
WFT9G,Baby Care,Pedialyte Electrolyte Powder Strawberry Lemonade - 6-0.6 Oz,Electrolyte Solution,11.99
A46O7,Deli,Sargento Cheese Slices Deli Style Medium Cheddar 11 Count - 8 Oz,Sandwich Cheese,5.99
4OQJ1,"Grains & Pasta & Sides",Classico Pasta Sauce Roasted Garlic Jar - 24 Oz,Marinara Pasta Sauce,3.59
BNWJE,"Paper & Cleaning & Home",Swiffer Dusters Refills Multi Surface - 10 Count,Sweepers & Supplies,10.99
8UCWX,"Condiments & Spice & Bake",SKIPPY Natural Peanut Butter Spread Creamy - 40 Oz,Peanut Butter & Spreads,7.99
OS9YR,"Condiments & Spice & Bake",Hidden Valley The Original Ranch Dressing - 36 Fl. Oz.,Bottled Dressings,8.59
5I2NI,Frozen Foods,White Castle Microwaveable Cheeseburgers - 6 Count,Pockets & Sandwiches,6.29
P39SF,Fruits & Vegetables,Signature Farms Baby-Cut Peeled Carrots - 16 Oz,Carrots,1.79
N1Z3S,Meat & Seafood,Signature Farms Beef Corned Beef Brisket Flat Cut - 3.50 LB,Smoked & Cured Beef,22.72
2MQBL,"Cookies & Snacks & Candy",Oreo Chocolate Sandwich Cookies Double Stuff Family Size - 20 Oz,Sandwich Cookies,5.49
NRL6E,"Paper & Cleaning & Home",Finish Jet Dry Rinse Aid 5x Power Shine & Protect Bottle - 8.45 Fl. Oz.,Dishwasher Additives,5.79
AJYXD,Deli,President Brie Cheese Mini Wheel - 8 Oz.,Brie & Camembert Cheese,8.99
DW4BN,"Dairy & Eggs & Cheese",O Organics Organic Eggs Large Brown - 18 Count,Eggs,7.99
SFD2A,"Grains & Pasta & Sides",Kraft Macaroni & Cheese Dinner Deluxe Original Cheddar Box - 14 Oz,Macaroni & Cheese Boxed,5.99
BLPK9,Personal Care & Health,HALLS Cough Suppressant Drops Triple Soothing Action Cherry - 30 Count,Cough & Throat Relief,3.49
WSJJC,Beverages,Simply Orange Juice Medium Pulp Calcium & Vitamin D - 52 Fl. Oz.,Orange Juice,5.29
A84LU,Fruits & Vegetables,Roma Red Tomatoes,Tomatoes,0.99
GN11E,"Grains & Pasta & Sides",Signature SELECT Beans Pinto Dry - 16 Oz,Pinto Beans,2.99
90N22,Bread & Bakery,Entenmanns Minis Pound Cake 6 Count - 9.25 Oz,Bakery Snacks,4.99
37YQC,Personal Care & Health,Ensure Nutrition Shake Original Ready To Drink Milk Chocolate - 16-8 Fl. Oz.,Active Health Management,26.99
PSYJY,"Cookies & Snacks & Candy",Frito-Lay Snacks Variety Classic Mix - 18 Count,Variety & Multipacks,8.99
JXKTO,Personal Care & Health,Larabar Food Bar Apple Pie - 5-1.6 Oz,Lifestyle Nutrition,6.99
2OIFC,Pet Care,PEDIGREE Dog Food Dry For Small Dog Nutrition Roasted Chicken Rice & Vegetable Bag - 15.9 Lb,Dog Food - Dry,16.99
5LXR0,Pet Care,Tidy Cats Cat Litter 24/7 Performance Clumping for Multiple Cats LightWeight Jug - 8.5 Lb,Litter & Deodorant,15.39
M7UAU,"Paper & Cleaning & Home",Scotch-Brite Sponges Scrub Non-Scratch Pack - 3 Count,Sweepers & Supplies,4.99
TTXEH,Beverages,Peets Coffee Coffee Ground Deep Roast French Roast - 12 Oz,Coffee - Ground,10.99
A8OWO,Fruits & Vegetables,On The Vine Red Tomatoes,Tomatoes,0.99
G08JV,Bread & Bakery,Fresh Baked Blueberry Muffins - 4 Count,Muffins & Scones,5.99
IRG32,Frozen Foods,Red Baron Pizza Classic Crust Pepperoni - 20.6 Oz,Frozen Pizza Multi-Serve,5.99
GQCKF,"Paper & Cleaning & Home",Ziploc Storage Bags Quart 48 ct,Plastic Bags,5.99
V6BKZ,Beverages,Diet Coke Soda Cans - 20-12 Fl. Oz.,Cola,9.99
YGKLY,Fruits & Vegetables,Yellow Onions Prepackaged - 3 Lb,Onions & Garlic,2.99
5E7NW,Frozen Foods,White Castle Microwaveable Cheeseburgers - 8 Count,Pockets & Sandwiches,13.49
5UUXB,Deli,Frigo Cheese Heads Mozzarella String Cheese 24 Pack - 24 Oz,Snacking Cheese,9.99
VXUX0,"Condiments & Spice & Bake",SKIPPY Peanut Butter Spread Super Chunk Extra Crunchy - 16.3 Oz,Peanut Butter & Spreads,3.69
E8K8K,"Grains & Pasta & Sides",Buitoni Three Cheese Tortellini - 20 Oz.,Tortellini & Ravioli,8.99
TJHLQ,Fruits & Vegetables,Broccoli Crowns - 1 Lb.,Broccoli & Cauliflower,1.99
3QQEP,Pet Care,Purina ONE SMARTBLEND Adult Dry Dog Food Premium Chicken & Rice Formula- 16.5 Lb,Dog Food - Dry,26.99
WZO4R,"Grains & Pasta & Sides",Idahoan Potatoes Mashed Buttery Homestyle Pouch - 4 Oz,Mashed Potatoes,1.99
L6E00,"Cookies & Snacks & Candy",Doritos Tortilla Chips Nacho Cheese Party Size - 15 Oz,Tortilla Chips,5.29
PZ2E2,Frozen Foods,O Organics Organic Peas Green - 16 Oz,Frozen Vegetables,2.99
8CA8L,Frozen Foods,Open Nature Pizza Cauliflower Crust Vegetable Gluten Free Frozen - 10.8 Oz,Frozen Pizza Multi-Serve,7.99
WEBBJ,Breakfast & Cereal,Simply Potatoes Shredded Hash Browns - 20 Oz,Hash Browns,3.69
PRWDW,Canned Goods & Soups,Signature SELECT Tomato Paste - 6 Oz,Tomato Paste,0.99
C2562,Personal Care & Health,Zyrtec Tablets Allergy Reliff 10mg - 70 Count,Allergy - Adult,0.99
ER571,Bread & Bakery,Oroweat Bread Country Potato - 24 Oz,Sandwich Bread,4.99
IXCU9,Meat & Seafood,Hillshire Farm Ultra Thin Oven Roasted Turkey Breast - 9 Oz.,Lunch Meat,4.99
LXJML,Bread & Bakery,San Luis Sourdough Bread Deli - 24 Oz,Baguettes & French Bread,4.69
ZFFU7,Frozen Foods,Stouffers Family Size Lasagna With Meat & Sauce - 38 Oz,Frozen Meals Multi-Serve,10.49
0HZF8,"Grains & Pasta & Sides",Barilla Ready Pasta Rotini Pouch - 8.5 Oz,Pasta Sides,2.49
Y7KB7,Baby Care,Pull-Ups Training Pants Learning Designs 4T-5T Day & Night Disney Pixar - 56 Count,Training Pants,32.99
8SVE8,Beverages,Celestial Seasonings Herbal Tea Bags Caffeine Free Honey Vanilla Chamomile 20 Count - 1.7 Oz,Tea Bags,0.99
28PAO,Personal Care & Health,Dial Silk & Orchid Body Wash - 16 Fl. Oz.,Body Wash,7.99
JY2QU,Meat & Seafood,Nathans Famous Skinless Beef Franks - 14 Oz,Hot Dogs & Franks,7.99
1S7VD,Deli,Signature Cafe Chicken Noodle Soup - 24 Oz.,Deli Soups,5.99
ZWBXI,Canned Goods & Soups,Nongshim Spicy Chicken Flavored Noodle Bowl Soup - 3.03 Oz,Instant Ramen & Noodles,1.49
BZ2IX,"Dairy & Eggs & Cheese",Lucerne Cheese Cream - 8 Oz,Cream Cheese,2.49
8IDLX,Pet Care,IAMS Proactive Health Dog Food Mini Chunks Bag - 15 Lb,Dog Food - Dry,26.29
QZPF5,"Grains & Pasta & Sides",Mahatma Rice Jasmine - 32 Oz,Jasmine Rice,4.19
7PU2X,Frozen Foods,Banquet Brown N Serve Sausage Links Fully Cooked Maple 10 Count - 6.4 Oz,Breakfast Sausage,2.39
57TK1,Bread & Bakery,La Brea Bakery Baguette French - 12.5 Oz,Baguettes & French Bread,0.99
Y5ZMA,Baby Care,Signature Care Diapers Leakage Protection Size 6 35 Lb Plus - 64 Count,Diapers - Size 6 & Above,19.49
DEG4O,Breakfast & Cereal,Cheerios Cereal Whole Grain Oats Honey Nut Box - 10.8 Oz,Cereal,4.49
Q2MWM,Pet Care,Purina Cat Chow Cat Food Adult Indoor - 3.15 LB,Cat Food - Dry,6.99
AIY7S,"Paper & Cleaning & Home",Toilet Paper White Bathroom Tissue 100g (White 15Rolls),Toilet Paper,17.39
PWEGA,"Condiments & Spice & Bake",Nestle Toll House Morsels Milk Chocolate Pack - 11.5 Oz,Chocolate & Baking Chips,4.59
FA0EW,Canned Goods & Soups,Campbells Soup Condensed Tomato - 10.75 Oz,Condensed Soups,1.49
RPRGX,"Condiments & Spice & Bake",McCormick Taco Original Original Taco Seasoning Mix - 1.25 Oz,Dry Mixes,1.5
OP2NK,"Paper & Cleaning & Home",Woolite Pet Stain & Odor Remover + Oxy Fresh Blossoms - 22 Fl. Oz.,Carpet & Floor Care,6.99
HIJX4,"Condiments & Spice & Bake",O Organics Organic Flour All Purpose Unbleached - 5 Lb,Flour,5.99
T6KMJ,Meat & Seafood,Oscar Mayer Deli Fresh Oven Roasted Turkey Breast Family Size - 16 Oz.,Lunch Meat,7.99
24TM5,Bread & Bakery,Thomas Bagels Mini Plain Pre Sliced 10 Count - 15 Oz,Bagels,4.89
OMD3C,Deli,Primo Taglio Oven Roasted Chicken Breast - 0.50 Lb.,Chicken,8.99
04SGA,Pet Care,Beggin Strips Dog Snack Bacon Flavor Pouch - 25 Oz,Dog Snacks,13.99
375QA,Breakfast & Cereal,Kelloggs Cereal Frosted Flakes - 13.5 Oz,Cereal,4.99
ICY1N,Canned Goods & Soups,Campbells Soup Condensed Tomato - 10.75 Oz,Condensed Soups,1.49
3AHQX,Deli,Ziploc Storage Bags Quart 48 ct,Plastic Bags,0.99
MB4PL,"Grains & Pasta & Sides",Nishiki Rice Medium Grain - 15 Lb,Sushi Rice,21.99
MYBYS,Beverages,"Coca-Cola Soda Soft Drink & 12 fl oz & 12 Pack",Cola,6.99
KA53E,"Paper & Cleaning & Home",Hefty Trash Bag Tall Drawstring Strong - 45 Count,Trash Bags,10.49
3MAE2,Canned Goods & Soups,Lipton Recipe Secrets Recipe Soup & Dip Mix Onion 2 Count - 2 Oz,Soup Mix & Meals,2.49
FVIK0,Meat & Seafood,Jennie-O Ground Turkey 93% Lean 7% Fat - 16 Oz.,Turkey,5.99
GULLZ,"Paper & Cleaning & Home",Tide PODS Detergent Pacs Free & Gentle - 72 Count,Laundry Detergent,19.99
115BX,Frozen Foods,Signature SELECT/Kitchens Vegetables Mixed - 16 Oz,Frozen Vegetables,2.29
ZQKGJ,"Cookies & Snacks & Candy",NABISCO Cookies Variety - 12 Count,Variety & Multipacks,6.99
9HJ2E,Personal Care & Health,Signature Care Hand Soap Clear Moisturizing - 7.5 Fl. Oz.,Liquid Soap,1.49
NJCGM,Canned Goods & Soups,Swanson Broth Chicken - 32 Oz,Broth & Stocks,3.79
BGJCW,Canned Goods & Soups,Campbells Condensed Soup Cream of Mushroom - 10.5 Oz,Condensed Soups,1.69
P54TQ,Breakfast & Cereal,Cream Of Wheat Cereal Hot 2 1/2 Minute Cook Time - 28 Oz,Oatmeal & Hot Cereal,4.99
XHQMC,Personal Care & Health,Mrs. Meyers Clean Day Liquid Hand Soap Lavender 12.5 fl oz,Liquid Soap,4.99
Q6ZEO,Fruits & Vegetables,Celery - Bunch,Celery,1.99
LOXVO,Bread & Bakery,Oroweat Bread Whole Grains 12 Grain - 24 Oz,Sandwich Bread,4.99
61JQK,Fruits & Vegetables,Honeycrisp Apple,Apples,1.5
V92FI,Meat & Seafood,Ground Beef Sirloin 90% Lean 10% Fat - 1.00 Lb.,Ground Beef,5.99
1BJGH,Personal Care & Health,Nature Made Vitamin D Supplement Softgels D3 5000 IU - 90 Count,Vitamins,21.99
TY0I8,Breakfast & Cereal,Krusteaz Pancake Mix Resealable Family Size - 5 Lb,Pancake & Waffle Mix,7.39
S0GZ6,"Condiments & Spice & Bake",Frenchs Mustard Classic Yellow - 20 Oz,Mustard,3.99
UBZYL,Personal Care & Health,Ensure Nutrition Shake Original Milk Chocolate - 6-8 Fl. Oz.,Active Health Management,9.99
LVD5O,Frozen Foods,P.F. Changs Entrees Main Meal For Two Beef Mongolian Style - 22 Oz,Frozen Meals Multi-Serve,8.99
P97CG,Beverages,"Diet Coke Soda Soft Drink & 12 fl oz & 12 Pack",Cola,6.99
XYYMI,Deli,Sargento Cheese Slices Deli Style Baby Swiss 11 Count - 7 Oz,Sandwich Cheese,5.99
AJ69P,Meat & Seafood,Signature Farms Frozen Boneless Skinless Chicken Breasts - 40 Oz.,Chicken,8.99
NQBX0,"Dairy & Eggs & Cheese",Lucerne Milk Fat Free 1 Gallon - 128 Fl. Oz.,Milk,4.49
KR8S2,Beverages,Motts Juice 100% Apple Original - 64 Fl. Oz.,Apple Juice & Cider,3.69
QHEZU,Breakfast & Cereal,Nature Valley Granola Bars Crunchy Oats n Honey Value Pack - 12-1.49 Oz,Granola Bars,6.99
V473N,"Cookies & Snacks & Candy",RITZ Crackers Fresh Stacks Original - 8 Count,Classic Crackers,3.99
I3KJ2,Personal Care & Health,Dial Body Wash Refreshing Lavender & Twilight Jasmine - 16 Fl. Oz.,Body Wash,7.99
2AT8T,Baby Care,Huggies Refreshing Clean Baby Wipes Refill - 352 Count,Wipes & Diaper Refills,17.99
8A94M,Personal Care & Health,Orgain Organic Protein Plant Based Powder Vanilla Bean - 1.02 Lb,Lifestyle Nutrition,23.99
0VMR0,Personal Care & Health,Orgain Protein Shake Organic Creamy Chocolate Fudge - 4-11 Fl. Oz.,Active Health Management,0.99
UORX8,"Dairy & Eggs & Cheese",Fage Total 0% Yogurt Greek Nonfat Strained - 6 Oz,Greek Yogurt,1.79
8R03H,Meat & Seafood,Signature Farms Boneless Skinless Chicken Breasts Value Pack - 3 Lbs.,Chicken,13.47
06WHX,"Condiments & Spice & Bake",HERSHEYS Cocoa Natural Unsweetened - 8 Oz,Cocoa & Carob Powder,5.49
ZVH2Z,"Paper & Cleaning & Home",Glad Press n Seal Plastic Sealing Wrap Multipurpose 70 Sq. Ft. - Each,Plastic Wrap,5.29
0O1IB,Beverages,Signature SELECT Juice Apple - 64 Fl. Oz.,Apple Juice & Cider,2.49
K3W6C,"Paper & Cleaning & Home",Glad Plastic Wrap Cling Wrap 200 Sq. Ft. - Each,Plastic Wrap,3.49
5AOF1,Frozen Foods,White Castle Microwaveable Hamburgers - 6 Count,Pockets & Sandwiches,6.29
WNXM6,Frozen Foods,Signature SELECT/Kitchens Corn Whole Kernel - 16 Oz,Frozen Vegetables,2.29
G21HT,"Condiments & Spice & Bake",Bobs Red Mill Starch Tapioca - 16 Oz,Baking Soda & Powder,3.69
6C9G3,"Condiments & Spice & Bake",SKIPPY PB Bites Peanut Butter Flavored Center with Peanut Butter Coating - 6 Oz,Peanut Butter & Spreads,4.29
YDQ0J,Frozen Foods,Amys Burrito Cheddar Cheese - 6 Oz,Frozen Meals Organic/Veg,3.0
AXA4R,Pet Care,Fancy Feast Gravy Lovers Cat Food Gourmet Poultry & Beef Collection Box - 24-3 Oz,Cat Food - Moist,19.99
P6J2X,Bread & Bakery,La Brea Bakery Bread Loaf Whole Grain - 18 Oz,Baguettes & French Bread,0.99
FJZQE,Canned Goods & Soups,Rosarita Beans Refried Traditional Can - 16 Oz,Refried Beans,
RAUEN,"Dairy & Eggs & Cheese",Blue Diamond Almonds Almond Breeze Milk Unsweetened Original - 64 Fl. Oz.,Milk Alternatives,4.49
A0LI2,"Grains & Pasta & Sides",Buitoni Basil Pesto Pasta Sauce - 7 Oz.,Pesto,
S86IH,"Cookies & Snacks & Candy",TOSTITOS Tortilla Chips Restaurant Style Original Party Size - 18 Oz,Tortilla Chips,5.29
22P6A,Fruits & Vegetables,Blueberries Prepackaged - 6 Oz.,Berries,3.99
IJZCN,Frozen Foods,STOUFFERS Classics Meal Spaghetti With Meat Sauce - 12 Oz,Frozen Meals,3.99
SCJ09,Breakfast & Cereal,Quaker Oats Whole Grain Quick 1 Minute - 42 Oz,Oatmeal & Hot Cereal,6.19
NEUMF,Frozen Foods,Signature SELECT/Lucerne Ice Cream Sandwiches Vanila Flavored - 12-3.5 Fl. Oz.,Novelty Ice Cream & Bars,4.49
6X2OD,Canned Goods & Soups,RO-TEL Diced Tomatoes & Green Chilies - 10 Oz,Diced Tomatoes,1.99
IADDY,"Dairy & Eggs & Cheese",Lucerne Milk - Half Gallon (container may vary),Milk,2.49
PL164,Beverages,Gatorade G Series Thirst Quencher Orange - 8-20 Fl. Oz.,Sports Drinks,6.99
1GQ8O,Beverages,Gatorade G Series Thirst Quencher Frost Glacier Freeze - 8-20 Fl. Oz.,Sports Drinks,6.99
2SEIL,Pet Care,Freshpet Select Dog Food Tender Chicken Recipe Wrapper - 6 Lb,Dog Food - Moist,15.99
OBM5O,"Grains & Pasta & Sides",Classico Pasta Sauce Traditional Sweet Basil Jar - 24 Oz,Marinara Pasta Sauce,3.59
UXXKY,Beverages,Aquafina Purified Drinking Water - 24-16.9 Fl. Oz.,Still Water,6.49
QJ7MC,Baby Care,Plum Organics Baby Food Stage 2 Pumpkin & Banana - 4.22 Oz,2nd Foods,1.99
NL2ZK,Frozen Foods,Signature SELECT/Kitchens Beans Green Cut - 16 Oz,Frozen Vegetables,2.29
FANGU,"Condiments & Spice & Bake",Pillsbury Crescents Dinner Rolls Original 8 Count - 8 Oz,Rolls & Pastry Dough,2.99
XZVBW,"Cookies & Snacks & Candy",ROLD GOLD Pretzels Tiny Twists Original - 16 Oz,Pretzels,3.29
4XTQO,Baby Care,Nursery Purified Water With Flouride - 1 Gallon,Electrolyte Solution,1.49
EVNXI,"Grains & Pasta & Sides",Barilla Pasta Spaghetti No. 5 Box - 16 Oz,Angel Hair & Spaghetti,2.09
HCUV9,"Condiments & Spice & Bake",TABASCO Sauce Pepper Green - 5 Fl. Oz.,Hot Sauce,0.99
TBK0W,Fruits & Vegetables,Green Seedless Grapes - 2Lbs,Grapes,7.98
WY80W,Fruits & Vegetables,Iceberg Lettuce - Each,Lettuce & Greens,1.69
EBY6L,"Condiments & Spice & Bake",Claussen Pickles Kosher Dill Sandwich Slices - 20 Fl. Oz.,Pickles,5.49
MW448,Pet Care,Friskies Cat Food Pate Classic Salmon Dinner Can - 5.5 Oz,Cat Food - Moist,0.99
K7NR3,Pet Care,Tidy Cats Cat Litter 24/7 Performance Scoop for Multiple Cats - 20 Lb,Litter & Deodorant,11.39
BRAGZ,Deli,Primo Taglio Lightly Seasoned Roast Beef - 0.50 Lb.,Beef,5.5
DANFI,Canned Goods & Soups,O Organics Organic Broth Chicken Low Sodium Brick - 32 Oz,Broth & Stocks,3.49
65SEG,Pet Care,Tidy Cats Cat Litter Clumping For Multiple Cats With Glade Clear Springs Jug - 20 Lb,Litter & Deodorant,11.39
MMT4N,Meat & Seafood,Tyson Anytizers Popcorn Chicken - 24 Oz,Chicken & Turkey,0.99
4S9UJ,Pet Care,Cesar Classics Canine Cuisine 4 Assorted Flavors Box - 24-3.5 Oz,Dog Food - Moist,28.29
IIL48,"Paper & Cleaning & Home",Tide Plus Laundry Detergent Liquid Coldwater Clean Original Jug - 92 Fl. Oz.,Laundry Detergent,13.99
ZHYQD,Deli,Primo Taglo Honey Turkey Breast - 0.50 Lb.,Turkey,4.5
9AQYN,Meat & Seafood,Jimmy Dean Fully Cooked Original Pork Sausage Links 12 Count - 9.6 Oz,Breakfast Sausage,5.99
72F5P,Canned Goods & Soups,Campbells Soup Condensed Chicken Noodle - 10.75 Oz,Condensed Soups,1.49
RIYZZ,Canned Goods & Soups,Ortega Green Chiles Diced Fire Roasted Mild Can - 4 Oz,Peppers & Green Chiles,1.79
2VOTG,Breakfast & Cereal,Nature Valley Granola Bars Crunchy Variety Pack - 12-1.49 Oz,Granola Bars,6.99
3XFXC,Canned Goods & Soups,Campbells Chunky Soup Classic Chicken Noodle - 18.6 Oz,Canned Soups,3.49
TSN5P,Personal Care & Health,Nature Made Stress B-Complex Tablets With Vitamin C & Zinc - 75 Count,Vitamins,13.99
LOPO9,Personal Care & Health,FLONASE Allergy Relief Metered Spray 60 Sprays - 0.34 Fl. Oz.,Allergy - Adult,16.99
9K2AL,"Grains & Pasta & Sides",Signature SELECT Pasta Sauce Garlic Basil Jar - 24 Oz,Marinara Pasta Sauce,2.99
7RF4Y,Fruits & Vegetables,Ziploc Freezer Bags Gallon 28 ct,Plastic Bags,0.99
UBFLZ,Frozen Foods,Signature SELECT Pizza Ultra Thin Crust Pepperoni Frozen - 14.2 Oz,Frozen Pizza Multi-Serve,5.99
OVT81,Breakfast & Cereal,Lucky Charms Cereal Frosted Toasted Oat With Marshmallows Magical Unicorn Family Size - 19.3 Oz,Cereal,6.19
BZJNQ,Frozen Foods,Signature SELECT Denali Moose Tracks Ice Cream - 1.50 Quart,Ice Cream,5.49
YWRAR,"Cookies & Snacks & Candy",Signature SELECT Trail Mix Mountain Mix - 32 Oz,Trail Mix,11.99
GQZJP,Meat & Seafood,Boneless Skinless Chicken Breast Value Pack - 3.50 Lbs.,Chicken,2.99
FT5IF,Meat & Seafood,Open Nature Frozen Boneless Skinless Chicken Breasts - 36 Oz.,Chicken,11.99
UT102,Breakfast & Cereal,Kelloggs Raisin Bran Breakfast Cereal Original Excellent Source of Fiber Box - 24oz,Cereal,5.99
F5WUW,Fruits & Vegetables,Yellow Sweet Onions - 1 Lb.,Onions & Garlic,1.27
ZUKN1,"Dairy & Eggs & Cheese",Lucerne Milk Reduced Fat 2% Milkfat 1 Gallon - 128 Fl. Oz.,Milk,4.49
QICOI,"Grains & Pasta & Sides",Kraft Macaroni & Cheese Dinner Original Box - 7.25 Oz,Macaroni & Cheese Boxed,1.99
V201T,Beverages,Simply Orange Juice Pulp Free Calcium & Vitamin D - 2.63 Liter,Orange Juice,7.99
PKAJG,Deli,Sabra Classic Hummus Singls - 6 Count - 2 Oz.,Deli Style Hummus,6.49
BRYPX,Meat & Seafood,waterfront BISTRO Salmon Fillets Wild Alaskin Pink Boneless & Skin On - 32 Oz,Fish,
WDQ7E,Baby Care,Happy Baby Organics Yogis Yogurt & Fruit Mixed Fruit Snacks Strawberry - 1 Oz,Toddler Bakery & Snacks,3.99
P0V9J,"Dairy & Eggs & Cheese",Challenge Butter Real California Milk - 16 Oz,Butter,6.79
1GK0H,Baby Care,Pampers Sensitive Baby Wipes Perfume Free - 56 Count,Wipes & Diaper Refills,3.99
DMNTR,Baby Care,Plum Organics Baby Food Stage 2 Pear & Mango - 4.22 Oz,2nd Foods,1.99
SQ41U,"Cookies & Snacks & Candy",RITZ Crackers - 13.7 Oz,Classic Crackers,3.99
RNRSP,Pet Care,Tidy Cats Cat Litter Clumping Instant Action - 20 Lb,Litter & Deodorant,11.39
6IPAG,Personal Care & Health,Dove Body Wash Nourishing Sensitive Skin Unscented - 22 Fl. Oz.,Body Wash,10.99
T1P2J,"Paper & Cleaning & Home",Tide Plus Detergent Liquid Febreze Freshness Botanical Rain HE Turbo Clean - 92 Fl. Oz.,Laundry Detergent,13.99
YZ445,"Dairy & Eggs & Cheese",O Organics Organic Milk Reduced Fat 2% Milkfat - 1 Gallon,Milk,7.99
X1MYK,"Cookies & Snacks & Candy",NABISCO Cookies and Crackers Variety Pack Classic Mix - 20 Count,Variety & Multipacks,9.99
P7DNN,Baby Care,Gerber 2nd Foods Baby Food Chicken & Chicken Gravy - 2.5 Oz,2nd Foods,1.39
G3K37,"Grains & Pasta & Sides",Barilla Ready Pasta Rotini Pouch - 8.5 Oz,Pasta Sides,2.49
RVEW0,Beverages,Pure Leaf Unsweetened Iced Tea - 6-16.9 Fl. Oz.,Iced Tea,7.99
QXODP,"Cookies & Snacks & Candy",Cheez-It Crackers Baked Snack - 12.4 Oz,Cheese Crackers,4.49
TLN4D,Personal Care & Health,BOOST Nutritional Drink Original Rich Chocolate - 12-8 Fl. Oz.,Active Health Management,22.99
ZPG46,"Grains & Pasta & Sides",Mahatma Rice Jasmine - 80 Oz,Jasmine Rice,10.29
LSX4P,Breakfast & Cereal,Quaker Chewy Granola Bars Chocolate Chip Value Pack - 18-0.84 Oz,Granola Bars,5.49
XJGQ8,Beverages,Coca-Cola Soda Classic Cans - 20-12 Fl. Oz.,Cola,9.99
9IZXV,Deli,Babybel Original Mini Cheese Wheels - 6 Count - 4.5 Oz.,Snacking Cheese,4.99
KB856,Baby Care,O Organics Organic Baby Food Stage 2 Berries Pear & Oats - 4 Oz,1st Foods,1.49
3CSM5,"Cookies & Snacks & Candy",Chips Ahoy! Cookies Chocolate Chip Original Family Size - 18.2 Oz,Variety & Multipacks,5.49
QX43P,"Condiments & Spice & Bake",Bragg Seasoning Yeast Nutritional Premium - 4.5 Oz,Herbs & Spices,6.99
HJFMO,Fruits & Vegetables,Banana - Each,Bananas,0.99
GPQU7,Canned Goods & Soups,Del Monte Fresh Cut Peas Sweet with Natural Sea Salt - 15 Oz,Peas,1.99
PG842,"Condiments & Spice & Bake",Jif Peanut Butter Creamy - 16 Oz,Peanut Butter & Spreads,3.49
KF20R,"Dairy & Eggs & Cheese",O Organics Organic Eggs Large Brown - 12 Count,Eggs,5.49
U7N3T,Personal Care & Health,BOOST Nutritional Drink High Protein Very Vanilla - 12-8 Fl. Oz.,Active Health Management,22.99
OVMCR,Canned Goods & Soups,Campbells Chunky Soup Classic Chicken Noodle - 18.6 Oz,Canned Soups,3.49
YLKMA,Deli,Primo Taglio Italian Dry Salame - 12 Oz.,Salami & Sausage,7.99
HUC97,"Dairy & Eggs & Cheese",Happy Egg Co. Eggs Free Range Large - 12 Count,Eggs,5.99
R8ZD5,Bread & Bakery,Natures Own 100% Whole Wheat Bread - 20 Oz,Sandwich Bread,3.99
X0401,Meat & Seafood,USDA Choice Beef Ribeye Roast Bone In - 6 Lbs. (approx. weight),Beef Whole Cuts & Roasts,59.94
JDQP2,Deli,Primo Taglio Parmesan Cheese - 8 Oz.,Parmesan & Asiago Cheese,5.99
0X9GR,"Grains & Pasta & Sides",Hinode Rice White Calrose Medium Grain - 5 Lb,Calrose Rice,6.99
FGW0O,Breakfast & Cereal,Cinnamon Toast Crunch Cereal Family Size Box - 19.3 Oz,Cereal,4.99
9CLQJ,Beverages,Red Bull Energy Drink Sugar Free - 4-8.4 Fl. Oz.,Energy Drinks & Shots,8.39
8FG4T,Deli,Open Nature Whole Roasted Chicken Hot - Each,Deli Side Dishes & Meals,9.99
ONSIO,Personal Care & Health,Poise Pads Long Length Moderate Absorbency - 54 Count,Adult Care,19.99
LSRIZ,Beverages,Simply Lemonade Juice All Natural With Strawberry - 52 Fl. Oz.,Lemonade & Limeade,2.99
2H9ZP,Breakfast & Cereal,Cheerios Cereal Whole Grain Oats Honey Nut Family Size Box - 19.5 Oz,Cereal,6.19
Q51Y8,"Paper & Cleaning & Home",Reynolds Parchment Paper Genuine Non-Stick 45 Sq. Ft. - Each,Freezer & Wax Paper,4.49
P70HF,Meat & Seafood,Aidells Smoked Chicken Sausage Links Chicken & Apple 4 Count - 12 Oz,Dinner Sausage,6.49
KS9AX,Beverages,Signature SELECT Drinking Water Purified - 32-16.9 Fl. Oz.,Still Water,4.49
JHXPY,Personal Care & Health,CLIF Energy Bar Chocolate Chip - 6-2.4 Oz,Sport Nutrition & Energy,6.99
Q6TX0,"Paper & Cleaning & Home",Signature SELECT Forks Plastic Everyday Heavy Duty Box - 48 Count,Cutlery,1.99
QHH1G,Baby Care,Gerber Graduates Lil Crunchies Corn Snack Baked Whole Grain Mild Cheddar - 1.48 Oz,Toddler Bakery & Snacks,2.99
U26HH,Pet Care,IAMS Proactive Health Cat Food Dry For Healthy Adult With Chicken - 7 Lb,Cat Food - Dry,14.99
IW939,"Grains & Pasta & Sides",Stove Top Stuffing Mix for Turkey - 6 Oz,Stuffing Mix,3.29
6MCT9,Fruits & Vegetables,Organic Banana,Bananas,0.99
MDPPC,Bread & Bakery,Fresh Baked Brioche Burger Buns - 4 Count,Hamburger Buns,4.99
DWE7N,Fruits & Vegetables,Red Seedless Grapes,Grapes,3.99
9SZWD,"Paper & Cleaning & Home",Toilet Paper White Bathroom Tissue 100g (White 10Rolls),Toilet Paper,14.39
2SF9G,"Grains & Pasta & Sides",RAGU Old World Style Pasta Sauce Flavored with Meat Jar - 23.9 Oz,Meat Pasta Sauce,2.99
AEF4Y,Fruits & Vegetables,Romaine Hearts Prepackaged - 3 Count,Packaged Salads,3.49
ABBHR,Beverages,"Sprite Lemon Lime Soda Soft Drinks & 12 fl oz & 12 Pack",Lemon Lime & Citrus Soda,6.99
R37PD,Beverages,Red Bull Energy Drink - 4-8.4 Fl. Oz.,Energy Drinks & Shots,8.39
90T50,Deli,Primo Taglio Pan Roasted Turkey - 0.50 Lb.,Turkey,8.99
7184L,Frozen Foods,Lean Cuisine Comfort Entree Meatloaf with Mashed Potatoes - 9.375 Oz,Frozen Meals Wellness,3.99
6K05Y,Baby Care,O Organics Organic Baby Food Stage 2 Banana Strawberry & Apple - 4 Oz,1st Foods,1.49
4PJKU,Pet Care,Temptations Classic Treats For Cats Tasty Chicken Flavor - 6.3 Oz,Cat Snacks,3.99
CXV5D,"Condiments & Spice & Bake",Claussen Pickles Kosher Dill Spears - 24 Fl. Oz.,Pickles,5.49
X3BWP,Bread & Bakery,Fresh Baked La Brea Take & Bake French Dinner Bread Rolls 6 Count - 12 Oz,Dinner Rolls,0.99
15CBH,Personal Care & Health,Aveeno Active Naturals Lotion Daily Moisturizing - 18 Fl. Oz.,Hand & Body Lotion,12.99
6JLU0,Meat & Seafood,Seafood Counter Fish Salmon Fresh Atlantic Salmon Fillet Color Added - 1.00 LB,Fish,9.99
X5XG7,Frozen Foods,STOUFFERS Classics Meal Lasagna with Meat & Sauce - 10.5 Oz,Frozen Meals,3.99
BJRUL,Frozen Foods,Signature SELECT/Kitchens Spinach Chopped - 16 Oz,Frozen Vegetables,2.99
80C11,Fruits & Vegetables,Raspberries Prepackaged - 6 Oz,Berries,3.99
58WHL,Breakfast & Cereal,Cheerios Cereal Toasted Whole Grain Oat - 8.9 Oz,Cereal,4.49
VL9CZ,Deli,Bob Evans Mashed Potatoes Original - 24 Oz,Deli Side Dishes & Meals,3.99
LLO6D,Breakfast & Cereal,Honey Bunches of Oats Cereal Honey Roasted - 14.5 Oz,Cereal,4.99
92RTN,"Dairy & Eggs & Cheese",Lactaid Milk Lactose Free Reduced Fat - Half Gallon,Milk - Lactose Free,5.19
2M900,"Condiments & Spice & Bake",BERTOLLI Olive Oil Extra Virgin - 25.5 Fl. Oz.,Olive Oil,13.99
C9GM8,Canned Goods & Soups,Bumble Bee Tuna Albacore Solid White in Water - 5 Oz,Tuna,2.99
NCRWX,Meat & Seafood,Tyson Fully Cooked Crispy Chicken Strips - 25 Oz,Chicken & Turkey,8.99
PMDQO,Breakfast & Cereal,Applegate Natural Chicken & Maple Breakfast Sausage Frozen - 7oz,Breakfast Sausage,5.49
JPUPM,"Cookies & Snacks & Candy",RITZ Crackers Sandwiches Peanut Butter Family Size Box - 16-1.38 Oz,Variety & Multipacks,6.99
60LB0,Baby Care,O Organics Organic Baby Food Stage 2 Apple Carrot & Kale With Brown Rice - 3.5 Oz,2nd Foods,1.49
T5RAI,Personal Care & Health,Poise Pads Ultimate Absorbency Long Length - 27 Count,Adult Care,19.99
GS8WX,"Cookies & Snacks & Candy",Tostitos Tortilla Chips Restaurant Style Original - 13 Oz,Tortilla Chips,4.29
1Y87V,"Paper & Cleaning & Home",Signature Select Bleach Regular - 121 Fl. Oz.,Bleach,4.29
H3HBY,Canned Goods & Soups,O Organics Organic Broth Chicken - 32 Oz,Broth & Stocks,3.49
B4256,Breakfast & Cereal,Quaker Oatmeal Instant Maple & Brown Sugar - 10-1.51 Oz,Oatmeal & Hot Cereal,3.99
Z8DO8,Beverages,Starbucks Coffee Ground Dark Roast French Roast Bag - 12 Oz,Coffee - Ground,10.99
0KY4F,"Paper & Cleaning & Home",Downy Ultra Fabric Conditioner Liquid Ultra & Gentle - 51 Fl. Oz.,Fabric Softener,6.99
U1H41,Meat & Seafood,Signature Farms Boneless Skinless Chicken Thighs Value Pack - 3 Lbs.,Chicken,13.47
XUXA0,Fruits & Vegetables,Strawberries Prepackaged - 1Lb,Berries,3.99
PQ9EZ,Beverages,Peets Coffee Coffee Ground Deep Roast Major Dickasons Blend - 20 Oz,Coffee - Ground,14.99
MPAO6,Pet Care,Friskies Cat Food Savory Shreds Variety Pack Can - 32-5.5 Oz,Cat Food - Moist,23.49
F6QZB,Breakfast & Cereal,Cheerios Cereal Whole Grain Oats Honey Nut Large Size Box - 15.4 Oz,Cereal,5.29
33ZMJ,Pet Care,Temptations Classic Treats For Cats Tasty Chicken Flavor - 16 Oz,Cat Snacks,8.99
P4XL5,Beverages,Simply Orange Juice Pulp Free - 52 Fl. Oz.,Orange Juice,5.29
GOH26,"Dairy & Eggs & Cheese",Lucerne Cheese Finely Shredded Mexican Style 4 Cheese Blend - 32 Oz,Shredded Cheese,9.99
2RU78,Personal Care & Health,ARM & HAMMER Advance White Toothpaste Fluoride Anticavity Fresh Mint Flavor - 6 Oz,Toothpaste,5.99
6J6E8,"Cookies & Snacks & Candy",Miltons Crackers Baked Gluten Free Crispy Sea Salt - 4.5 Oz,Deli & Water Crackers,3.99
YE4GB,Personal Care & Health,Claritin Antihistamine Tablets Indoor & Outdoor Allergies 10mg RediTabs - 30 Count,Allergy - Adult,26.99
KA8Q9,Pet Care,Friskies Cat Food Poultry Variety Pack Box - 32-5.5 Oz,Cat Food - Moist,23.49
3AAY0,Baby Care,WaterWipes Baby Wipes - 60 Count,Wipes & Diaper Refills,5.49
DKC29,Deli,Signature Cafe Pacific Coast Style Clam Chowder Soup - 24 Oz.,Deli Soups,5.99
MEOKR,Frozen Foods,Amys Enchilada Cheese - 9 Oz,Frozen Meals Organic/Veg,4.99
ZCNB8,Bread & Bakery,Oroweat Bread Country Buttermilk - 24 Oz,Sandwich Bread,4.99
